term,frequency
greg rutkowski,28
rembrandt,16
janek sedlar,10
moriimee,9
jenny saville,9
carne griffiths,8
hayao miyazaki,8
thomas kinkade,8
studio ghibli,7
dan mumford,7
frank frazetta,6
artgerm,6
beatrix potter,6
expressiveh,5
ayami kojima,5
yoji shinkawa,5
michael cheval,5
van gogh,5
andy kehoe,5
james jean,4
yoshitaka amano,4
moebius,4
peter bagge,4
ilya kuvshinov,4
aaron horkey,4
katsuhiro otomo,4
amano,4
karol bak,4
jeremy mann,4
alena aenami,4
tsuaii,4
luis royo,4
hatsune miku,4
roger dean,3
aka oni,3
iwakura lain,3
h.r. giger,3
richard avedon,3
floris van schooten,3
megumi,3
wadim kashin,3
abigail larson,3
minjae lee,3
gerhard richter,3
beksinski,3
neuro sama,3
mark brooks,3
arthur rackham,3
takato yamamoto,3
makinami,3
greg hildebrandt,3
craola,3
charlie bowater,3
alphonse mucha,3
takashi murakami,3
flatline,3
hkmagic,3
leonardo da vinci,3
rukia kuchiki,3
sam yang,3
jean baptiste monge,3
elsa,2
solo,2
yoneyama mai,2
kawaiitech,2
davincitech,2
darkspherastyle,2
loish,2
ash thorp,2
simon stalenhag,2
ross tran,2
todd mcfarlane,2
simon stålenhag,2
psychadelicchaos,2
antonio j. manzanedo,2
john berkey,2
zdzislaw beksinski,2
chris foss,2
azure striker gunvolt,2
waterhouse,2
ana paula hoppe,2
noriyoshi ohrai,2
vincent van gogh,2
klimt,2
hergé,2
asia argento,2
yohkomano,2
yukari yakumo,2
andreas achenbach,2
beeple,2
hxxg,2
peter lindbergh,2
giuseppe zanotti,2
mario giacomelli,2
wonderwoman,2
salvador dali,2
victo ngai,2
frieren,2
kenorland,2
velvets,2
hr giger,2
makoto shinkai,2
mmkamalakhan,2
j. scott campbell,2
nicola samori,2
knmshir,2
zzhiyori,2
james c. christensen,2
alan lee,2
clyde caldwell,2
russ mills,2
john howe,2
lamborghihi gallardo,2
envision,2
seb mckinnon,2
jean antoine watteau,2
nicholas roerich,2
torino aqua,2
marin kitagawa,2
frutiger aero,1
frutiger,1
caravaggio,1
rodney matthews,1
enchanting eyes,1
moo deng,1
dean cornwell,1
daughterofkhorne,1
greg rutowski,1
lunawf,1
makima,1
chainsaw man,1
zzserena,1
reilia slaby,1
beckinski,1
irakli nadar,1
cassius marcellus coolidge,1
toei animations,1
yumihiko amano,1
i.a. vepkhvadze,1
yuukianime,1
zznagatoro,1
zzsantorini,1
ronan le fur,1
asanagi,1
aria beheneko,1
gardur,1
yousuf karsh,1
demizuposuka,1
annie leibovitz,1
shizuerh,1
pollystylemix,1
shizue,1
boris vallejo,1
ayanami rei,1
petertas,1
mikey chan,1
tran nguyen,1
ev ganin,1
mikus concept,1
civchan,1
ivan aivazovsky,1
cantarellawuwa,1
remilia scarlet,1
steve mccurry,1
kim jung gi,1
ako suminoe,1
noland,1
jeffrey catherine jones,1
incrspchpatissiere,1
ridley scott,1
john harris,1
tsutomu nihei,1
pollyrh,1
polly,1
dreamart,1
tarim,1
victoria frances,1
zzkira,1
yulishia,1
phoenix guard duchess,1
christophe vacher,1
ashley graham,1
concept art,1
star wars inquisitor,1
brown moon,1
ralph horsley,1
justin gerard,1
yuko shimizu,1
sena kashiwazaki,1
acdc,1
an ancient parchment,1
jacek yerka,1
shamubo,1
giuseppe arcimboldo,1
mika asai,1
yanjun cheng,1
juno,1
sabia,1
wererabbit,1
akai sashimi,1
oharu chan,1
emilieog,1
tinkerwaifu,1
tooth wu,1
murakami,1
kaluta,1
wlop,1
peter milligan,1
octane x particle,1
chen bin,1
yasushi,1
berryverrine,1
ogipote,1
tim burton,1
ellen joe,1
ichika nakano,1
tiaris,1
hopper,1
michael vincent manalo,1
elvira vigna,1
iain macmillan,1
ana portnoy,1
bigsmoke,1
uzumaki naruto,1
dfluc,1
pierre pellegrini,1
brian mashburn,1
theo prins,1
hoshimi miyabi,1
singer sargent,1
fet,1
wayne barlowe,1
neopigma,1
marysan,1
miyazaki,1
miiyamotohikari,1
shirayuki azusa,1
fred calleri,1
zzanya,1
photograph,1
zzjunko,1
anato finnstark,1
uncle sam,1
arthur secunda,1
joan miro,1
bridget bate tichenor,1
pawel kuczynski,1
evelyn chevalier,1
evelyn,1
zdzisław beksiński,1
jim wylie,1
tirpitz azur lane,1
kafka,1
saki yoshida,1
nssindragosawow,1
melkor,1
april o'neil,1
mimoza veliu,1
shokuho misaki,1
nyx,1
enjel,1
scott mccloud,1
ron garney,1
robert williams,1
terry dodson,1
mike allred,1
giger,1
emma ríos,1
alessandro barbucci,1
marc silvestri,1
aleksi briclot,1
natalie shau,1
sergio lopez,1
mark simonetti,1
konstantin razumov,1
pino daney,1
yulia,1
chitoge kirisaki,1
aqua from konosuba,1
oskar schlemmer,1
henri matisse,1
raidenmgrsombrero,1
yorigami shion,1
li wei,1
velvetcrowe,1
karl spitzweg,1
greg rutkowsky,1
ryohei hase,1
jc leyendecker,1
androjuniarto,1
obata takeshi,1
clialph,1
guweiz,1
jason engle,1
freckledvixon,1
maria isabel ruiz,1
xmasdemon,1
leeloo,1
twilight sparkle,1
ranni,1
yorbriar,1
pascale campion,1
miyuki shiba,1
bruce holwerda,1
dreamkeepers,1
souryuu asuka langley,1
nick wilde,1
kuindzhi,1
mucha,1
zonda,1
glados,1
elizabeth polunin,1
roberto bernardi,1
andy warhol,1
jesper ejsing,1
heretic inquisitor,1
julien,1
julie,1
luigi,1
henri cartier bresson,1
saul leiter,1
ruan jia,1
chane laforet baccano!,1
ingrid baars,1
ben templesmith,1
oleg oprisco,1
tim walker,1
emil melmoth,1
marc simonetti,1
civitai batoulamenace,1
ferdinand georg waldmã¼ller,1
joseph stieler,1
jeremy lipking,1
scott robertson,1
eduard gaertner,1
inaba tewi,1
albus dumbledore,1
fischl,1
akali,1
incrspchshadowqueen,1
ai miyashita,1
velvia,1
dom qwek,1
dante,1
zen aku,1
professional photographer,1
david lachapelle,1
waldemar kazak,1
shirakami fubuki,1
bob eggleton,1
stephen gammell,1
esao andrews,1
gerald brom,1
adrian ghenie,1
amano yoshitaka,1
homer,1
julie bell,1
dave mckean,1
sandmannm,1
yfg zaat,1
hyuuga hinata,1
naruto,1
fuyuko mayuzumi,1
lois mailou jones,1
misty from pokemon,1
edwin henry landseer,1
pappy,1
vladyslav yerko,1
alexander jansson,1
oleksandra ekster,1
malevich,1
mark keathley,1
hisui sugiura,1
sam spratt,1
sakura ritsuki,1
lovecraft,1
royo,1
incase,1
chopiomomo,1
agnes varda,1
johanna rupprecht,1
william morris,1
anya forger,1
michelangelo buonarroti,1
aranea serket,1
katou megumi,1
zzmarie,1
super mario bros,1
oshii mamoru,1
otomo katsuhiro,1
shira masamune,1
yukisakura,1
eddie campbell,1
garth,1
break igor,1
airi akizuki,1
disney,1
ryniac,1
rockwell,1
junji ito,1
richard anderson,1
m.w. kaluta,1
peter sculthorpe,1
delphin enjolras,1
otto dix,1
dorota pietrowiak,1
lu lingqi,1
ckjs,1
matrix,1
geralt,1
arthur wardle,1
igor zenin,1
evgeny lushpin,1
alexander millar,1
zzhasumi,1
arsmjstyle,1
palutena,1
hieronimus bosch,1
willem haenraets,1
lois griffin,1
juna doma,1
earthfox,1
caspar david friedrich,1
roxy migurdia,1
tatsumi,1
narue,1
sasan,1
lich king,1
charles addams,1
albert bierstadt,1
yor briar,1
constance,1
piaki,1
apron,1
kftiger,1
saul tepper,1
alesya osadchaya,1
brian kesinger,1
brad kunkle,1
openheimer,1
yuumei,1
walter launt palmer,1
yossi kottler,1
don marco,1
vanripper,1
miku nakano,1
mad hatter,1
wataya mio,1
pa san,1
secretlab,1
detailmaximizer,1
hayami ayuko,1
hokusai,1
john singer sargent,1
kazuho iwamoto,1
reddizen,1
sam weber,1
dave dorman,1
mooncryptowow,1
vibration colors,1
female wizard,1
hans hartung,1
wes anderson,1
wadim kashim,1
pascal blanche,1
carl larsson,1
mayaka ibara,1
lusamine,1
knkstyle,1
zao wou ki,1
julie mehretu,1
jean marc bustamante,1
cy twombly,1
flustered fortune teller,1
audrey kawasaki,1
wukong,1
ahri,1
jarek kubicki,1
hamish macdonald,1
adam hughes,1
eilif peterssen,1
david downton,1
kim hong do,1
yueko,1
galko,1
imtdlilaross,1
lara croft,1
detailifier,1
annabel eyres,1
edgar degas,1
pierre auguste renoir,1
fredfrai,1
christ the king,1
sparth,1
kentaro miura,1
zuharu,1
kurumi tokisaki,1
royal jewel tones,1
fate,1
kei karuizawa,1
dan wolbert,1
clayton crane,1
rachel walpole,1
jessica levay,1
brian stelfreeze,1
focus marie,1
poppy,1
yae miko,1
utagawa hiroshige,1
michael komarck,1
sven nordqvist,1
michael whelan,1
yoruichi shihouin,1
shihouin yoruichi,1
nslacka,1
touzai,1
ideolo,1
monopoly board game,1
umesky,1
inoue aoi,1
abbystea,1
lily,1
katia chausheva,1
stephan martinière,1
you,1
android jones,1
alberto seveso,1
erin hanson,1
ismail inceoglu,1
medusa,1
vcaudrey,1
kaja,1
kumiko oumae,1
hiding,1
xuer guangying,1
banksy,1
paul chadeisson,1
col price,1
mika,1
shelly,1
akane sakuramori,1
rich,1
leonard farthammer,1
asher,1
stephan martiniere,1
duncan fegredo,1
anne bachelier,1
makise kurisu,1
hannah,1
linquivera,1
wolfgangvk,1
james gilleard,1
miyamoto musashi,1
bess hamiti,1
desiree emily falrys.,1
belldandy,1
franz xaver winterhalter,1
mitsuru,1
archibald thorburn,1
daniele afferni,1
yuri shwedoff,1
tony conrad,1
ladynagant,1
glenn,1
drew struzan,1
nightfang,1
wraithwolf,1
abysshowl,1
darkveilalpha,1
umbrahound,1
yayoi kusama,1
odilon redon,1
alik,1
yukinoshita yukino,1
letty whiterock,1
lily white,1
mrs. claus,1
karel thole,1
patrick nagel,1
whisper,1
david nakayama,1
eru chitanda,1
mignon,1
fkey,1
pikachu,1
childe hassam,1
mitiko fleuretty,1
paige,1
lichtenstein,1
bilaterally symmetrical,1
cnstll,1
hamada yoshikazu,1
toriyama akira,1
munakata,1
ansel adams,1
james r. eads,1
kim soo ja,1
mike oxmaul,1
miyabihoshimi,1
alejandro burdisio,1
irina jelavic,1
momoko,1
aoi sakura,1
rslnbiker,1
stephen hawking,1
josan gonzalez,1
kamado nezuko,1
h. r. giger,1
chloe,1
kazuki takahashi,1
tamara de lempicka,1
piet mondrian,1
igawa asagi,1
characterdesignillustrious,1
j.r.r. tolkien,1
ted nasmith,1
thomas saliot,1
stanley artgerm,1
jeremiah ketner,1
leonid afremov,1
artem demura,1
akane kurokawa,1
robertabl,1
turner,1
kanako yasaka,1
perfect anatomy,1
yui kanakura nisekoi,1
smoothqualitypony,1
lisa simpson,1
artist,1
yuki onna,1
erikaoc,1
gregory fromenteau,1
inkplash,1
seras victoria,1
nikkeprofile,1
gimme buzz,1
jasmine,1
rene magritte,1
kazuo koike,1
